{
  "0": {
    "cluster_id": 0,
    "size": 2496,
    "percentage": 22.361583945529475,
    "features": {
      "job": {
        "mean": 4.502403846153846,
        "median": 4.0,
        "std": 3.2000742461904683,
        "min": 0.0,
        "max": 11.0
      },
      "marital": {
        "mean": 1.2371794871794872,
        "median": 1.0,
        "std": 0.6136685388604108,
        "min": 0.0,
        "max": 2.0
      },
      "education": {
        "mean": 1.3485576923076923,
        "median": 1.0,
        "std": 0.7192611460863585,
        "min": 0.0,
        "max": 3.0
      },
      "default": {
        "mean": 0.0,
        "median": 0.0,
        "std": 0.0,
        "min": 0.0,
        "max": 0.0
      },
      "housing": {
        "mean": 0.4967948717948718,
        "median": 0.0,
        "std": 0.5000899153518464,
        "min": 0.0,
        "max": 1.0
      },
      "loan": {
        "mean": 0.10136217948717949,
        "median": 0.0,
        "std": 0.3018681769056721,
        "min": 0.0,
        "max": 1.0
      },
      "contact": {
        "mean": 0.08653846153846154,
        "median": 0.0,
        "std": 0.3044806954650799,
        "min": 0.0,
        "max": 2.0
      },
      "month": {
        "mean": 5.931490384615385,
        "median": 7.0,
        "std": 3.5327999225675772,
        "min": 0.0,
        "max": 11.0
      },
      "poutcome": {
        "mean": 0.8165064102564102,
        "median": 1.0,
        "std": 0.8721842609960541,
        "min": 0.0,
        "max": 2.0
      },
      "age": {
        "mean": 41.85176282051282,
        "median": 38.5,
        "std": 12.734331049253425,
        "min": 19.0,
        "max": 93.0
      },
      "balance": {
        "mean": 1787.190705128205,
        "median": 735.0,
        "std": 3776.67775259999,
        "min": -1137.0,
        "max": 81204.0
      },
      "day": {
        "mean": 14.257612179487179,
        "median": 14.0,
        "std": 8.04948013279444,
        "min": 1.0,
        "max": 31.0
      },
      "duration": {
        "mean": 346.93509615384613,
        "median": 263.0,
        "std": 283.7913240842322,
        "min": 4.0,
        "max": 2184.0
      },
      "campaign": {
        "mean": 1.9130608974358974,
        "median": 1.0,
        "std": 1.3316155924551103,
        "min": 1.0,
        "max": 12.0
      },
      "pdays": {
        "mean": 218.20272435897436,
        "median": 184.0,
        "std": 122.51326609526171,
        "min": 1.0,
        "max": 854.0
      },
      "previous": {
        "mean": 3.4899839743589745,
        "median": 2.0,
        "std": 3.7257566163764015,
        "min": 1.0,
        "max": 58.0
      }
    }
  },
  "1": {
    "cluster_id": 1,
    "size": 4983,
    "percentage": 44.642537179716896,
    "features": {
      "job": {
        "mean": 5.199478225968292,
        "median": 4.0,
        "std": 3.1054567507127633,
        "min": 0.0,
        "max": 11.0
      },
      "marital": {
        "mean": 1.2498494882600844,
        "median": 1.0,
        "std": 0.6354850951244176,
        "min": 0.0,
        "max": 2.0
      },
      "education": {
        "mean": 1.4370860927152318,
        "median": 1.0,
        "std": 0.7342657723339426,
        "min": 0.0,
        "max": 3.0
      },
      "default": {
        "mean": 0.0,
        "median": 0.0,
        "std": 0.0,
        "min": 0.0,
        "max": 0.0
      },
      "housing": {
        "mean": 0.244230383303231,
        "median": 0.0,
        "std": 0.4296730768090526,
        "min": 0.0,
        "max": 1.0
      },
      "loan": {
        "mean": 0.11258278145695365,
        "median": 0.0,
        "std": 0.3161138284696017,
        "min": 0.0,
        "max": 1.0
      },
      "contact": {
        "mean": 0.0718442705197672,
        "median": 0.0,
        "std": 0.28274325407087253,
        "min": 0.0,
        "max": 2.0
      },
      "month": {
        "mean": 3.8300220750551874,
        "median": 4.0,
        "std": 3.0739261896643786,
        "min": 0.0,
        "max": 11.0
      },
      "poutcome": {
        "mean": 2.9335741521171985,
        "median": 3.0,
        "std": 0.263919231905614,
        "min": 1.0,
        "max": 3.0
      },
      "age": {
        "mean": 41.28617298815974,
        "median": 38.0,
        "std": 12.599678181157815,
        "min": 18.0,
        "max": 95.0
      },
      "balance": {
        "mean": 1635.3361428858118,
        "median": 575.0,
        "std": 3344.5134911621108,
        "min": -3058.0,
        "max": 66653.0
      },
      "day": {
        "mean": 16.39173188842063,
        "median": 17.0,
        "std": 8.849576367121744,
        "min": 1.0,
        "max": 31.0
      },
      "duration": {
        "mean": 379.03431667670077,
        "median": 264.0,
        "std": 341.92589690557,
        "min": 5.0,
        "max": 3102.0
      },
      "campaign": {
        "mean": 2.698575155528798,
        "median": 2.0,
        "std": 2.817237040982379,
        "min": 1.0,
        "max": 33.0
      },
      "pdays": {
        "mean": 5.40016054585591,
        "median": -1.0,
        "std": 27.109802747943952,
        "min": -1.0,
        "max": 202.0
      },
      "previous": {
        "mean": 0.10515753562111178,
        "median": 0.0,
        "std": 0.46492758343113383,
        "min": 0.0,
        "max": 6.0
      }
    }
  },
  "2": {
    "cluster_id": 2,
    "size": 3515,
    "percentage": 31.4907722630353,
    "features": {
      "job": {
        "mean": 3.4776671408250355,
        "median": 2.0,
        "std": 3.138928690947136,
        "min": 0.0,
        "max": 11.0
      },
      "marital": {
        "mean": 1.1044096728307256,
        "median": 1.0,
        "std": 0.6065197026537609,
        "min": 0.0,
        "max": 2.0
      },
      "education": {
        "mean": 1.0278805120910384,
        "median": 1.0,
        "std": 0.7215023592976906,
        "min": 0.0,
        "max": 3.0
      },
      "default": {
        "mean": 0.0,
        "median": 0.0,
        "std": 0.0,
        "min": 0.0,
        "max": 0.0
      },
      "housing": {
        "mean": 0.7786628733997155,
        "median": 1.0,
        "std": 0.41520603175555826,
        "min": 0.0,
        "max": 1.0
      },
      "loan": {
        "mean": 0.16756756756756758,
        "median": 0.0,
        "std": 0.3735349689045303,
        "min": 0.0,
        "max": 1.0
      },
      "contact": {
        "mean": 1.3570412517780939,
        "median": 2.0,
        "std": 0.8879951309522501,
        "min": 0.0,
        "max": 2.0
      },
      "month": {
        "mean": 7.3900426742532,
        "median": 8.0,
        "std": 1.4560778253074187,
        "min": 0.0,
        "max": 11.0
      },
      "poutcome": {
        "mean": 2.9948790896159316,
        "median": 3.0,
        "std": 0.07526811044485784,
        "min": 1.0,
        "max": 3.0
      },
      "age": {
        "mean": 40.76756756756757,
        "median": 39.0,
        "std": 10.268272615719221,
        "min": 20.0,
        "max": 90.0
      },
      "balance": {
        "mean": 1269.4799431009958,
        "median": 437.0,
        "std": 2602.3533741683755,
        "min": -2049.0,
        "max": 56831.0
      },
      "day": {
        "mean": 15.555903271692745,
        "median": 16.0,
        "std": 7.903439828893802,
        "min": 1.0,
        "max": 31.0
      },
      "duration": {
        "mean": 381.11692745376956,
        "median": 235.0,
        "std": 394.0937186997732,
        "min": 2.0,
        "max": 3881.0
      },
      "campaign": {
        "mean": 2.629018492176387,
        "median": 2.0,
        "std": 3.1568844154966067,
        "min": 1.0,
        "max": 63.0
      },
      "pdays": {
        "mean": -0.5274537695590327,
        "median": -1.0,
        "std": 7.163869789956765,
        "min": -1.0,
        "max": 182.0
      },
      "previous": {
        "mean": 0.007965860597439544,
        "median": 0.0,
        "std": 0.12138565837908057,
        "min": 0.0,